evidence_id,title,source_url,accessed_at,local_path,sha256,notes
A-001,112學年度資研所在職專班課程科目表,https://dce.ntub.edu.tw/var/file/29/1029/img/1246/326146167.pdf,2026-10-07T00:00:00+08:00,01_credit_requirements/A-001_112_curriculum.pdf,cca005b2d14683b3ae54f6c81b22bd8f206258321bf4c111bd67bebfe5749764,官方PDF
A-002,113學年度資研所在職專班課程科目表,https://dce.ntub.edu.tw/var/file/29/1029/img/908736941.pdf,2026-10-07T00:00:00+08:00,01_credit_requirements/A-002_113_curriculum.pdf,030bab1f00629048f4db7fddd5bcfdc444fd90257c7f9538aef0ec53b4ad5b87,官方PDF
A-003,114學年度資研所在職專班課程科目表,https://dce.ntub.edu.tw/var/file/29/1029/img/625908177.pdf,2026-10-07T00:00:00+08:00,01_credit_requirements/A-003_114_curriculum.pdf,bbed55f176d0165388819294785eabffd173c472ee30b7fb85d7a490fcf28cf7,官方PDF
A-004,115學年度資研所在職專班課程科目表,https://dce.ntub.edu.tw/var/file/29/1029/img/1246/852890763.pdf,2026-10-07T00:00:00+08:00,01_credit_requirements/A-004_115_curriculum.pdf,57a66a59c6a69b242d6a7df5f897c74fbfaf6bddf452600c70957d9d2b610b7c,官方PDF；最低40學分不含論文6學分
A-M112,112學年度第1學期第2次校課程委員會議紀錄（修正版）,https://acad.ntub.edu.tw/var/file/4/1004/img/1164/536056667.pdf,2026-10-07T00:00:00+08:00,01_credit_requirements/meeting_records/A-M112_112-1-2_curriculum_committee_revision.pdf,a0b61e90f990cf2db826f902e7488d9abe0820c8506a7f343ef34ad3721c0a9e,官方PDF
A-M113,112學年度第2學期第2次校課程委員會議紀錄,https://acad.ntub.edu.tw/var/file/4/1004/img/1164/420185898.pdf,2026-10-07T00:00:00+08:00,01_credit_requirements/meeting_records/A-M113_112-2-2_curriculum_committee.pdf,0376fa36015f8284864a2b7aef12e2300ee16d827272c15d9abbf03d712a6449,官方PDF
A-I114-1,資研所113學年度第2學期第1次所務會議,https://ids.ntub.edu.tw/p/406-1042-112307%2Cr1147.php?Lang=zh-tw,2026-10-07T00:00:00+08:00,01_credit_requirements/meeting_records/A-I114_1_113-2-1_institute_meeting.pdf,229e5ee944daeac4d0a669b24cf9ab6aff1846a57feb8def868c3dc1d1d111fc,官方附件；網頁標題與PDF內部會次標示不一致
A-I114-2,資研所113學年度第2學期第2次所務會議,https://ids.ntub.edu.tw/p/406-1042-112308%2Cr1147.php?Lang=zh-tw,2026-10-07T00:00:00+08:00,01_credit_requirements/meeting_records/A-I114_2_113-2-2_institute_meeting.pdf,37d6e417e9ca3b2f1723b229800926ef52a13989651adf00c990a1344ca0a3e4,官方附件
A-I114-3,資研所113學年度第2學期第3次所務會議,https://ids.ntub.edu.tw/p/406-1042-112309%2Cr1147.php?Lang=zh-tw,2026-10-07T00:00:00+08:00,01_credit_requirements/meeting_records/A-I114_3_113-2-3_institute_meeting.pdf,46e306abb8c23a4543131b7eb3c9af14b0d6ee6644c90b00dbf34cebbf86071e,官方附件
A-M114a,113學年度第2學期第1次校課程委員會議紀錄,https://acad.ntub.edu.tw/var/file/4/1004/img/1164/108278569.pdf,2026-10-07T00:00:00+08:00,01_credit_requirements/meeting_records/A-M114a_113-2-1_curriculum_committee.pdf,f3274e813f5e4aa7644397d08a969bf9f8c1f062b6768d9538ffe326d3fef063,官方PDF；114資研碩專表列14加24等於38
A-M114b,113學年度第2學期第2次校課程委員會議紀錄,https://acad.ntub.edu.tw/var/file/4/1004/img/1164/550055332.pdf,2026-10-07T00:00:00+08:00,01_credit_requirements/meeting_records/A-M114b_113-2-2_curriculum_committee.pdf,dbe2f531770fa2813d85d7d754e7a4294e88ad189ce01cf5b18468bba5d566ad,官方PDF；114資研碩專仍表列14加24等於38
A-M115,114學年度第2學期第2次校課程委員會議紀錄,https://acad.ntub.edu.tw/var/file/4/1004/img/1164/809194061.pdf,2026-10-07T00:00:00+08:00,01_credit_requirements/meeting_records/A-M115_114-2-2_curriculum_committee.pdf,3b1be9a95556ec0b7f7d263ce5420350f98654e4d6e749b141849f903c321320,官方PDF；115資研碩專16加24等於40
B-001,證照補助公告1150623修訂,https://ids.ntub.edu.tw/p/406-1042-71006%2Cr6.php?Lang=zh-tw,2026-10-07T00:00:00+08:00,02_certificate_subsidy/B-001_1150623_current_rules.pdf,fbcc03faac455506ef4afde108576de76ee12e8d17c3536b24eaee4ef0cddc4d,官方附件PDF；頁面另存DOM及截圖
B-001-S1,證照補助公告官方網頁完整截圖,https://ids.ntub.edu.tw/p/406-1042-71006%2Cr6.php?Lang=zh-tw,2026-10-07T00:00:00+08:00,02_certificate_subsidy/B-001_20261007_official_announcement_fullpage.jpg,3de2b788dac148703159bfeff153b347fae7afe7d99007783571a571268b09eb,直接存取官方網頁取得；畫面顯示發布日期2026-06-30及最後更新日期2026-07-20
B-M114-2,114學年度第2學期第2次所務會議紀錄,https://ids.ntub.edu.tw/p/406-1042-117388%2Cr1147.php?Lang=zh-tw,2026-10-07T00:00:00+08:00,02_certificate_subsidy/B-M114-2_114-2-2_institute_meeting.pdf,805502c9fef14dee89b5e6530507cefc8e9957496f0936e3f72edb0922326788,官方PDF；修訂證照獎補助要點照案通過並送院長核定
C-002,114學年度碩專班註冊須知,https://dce.ntub.edu.tw/var/file/29/1029/img/570513101.pdf,2026-10-07T00:00:00+08:00,03_ai_course_fee/C-002_114_registration_notice.pdf,b98c03b5120e1cefac728aa8b44d3407b7c0541b096448afb8f318d2158c5882,官方PDF
C-U01,115學年度學雜費入口頁面,使用者上傳,2026-10-08T00:00:00+08:00,03_ai_course_fee/C-U01_115_tuition_payment_portal.pdf,6f90d497c4c8572786255e41738355ddd4972c9cac52816b7a526a90519cb1f7,顯示115-1已繳114606元及待繳27000元加選費用
C-U02,114-1第一筆繳費收據,使用者原始資料夾：學費明細/11401_105635.pdf,2026-10-08T00:00:00+08:00,03_ai_course_fee/C-U02_114-1_tuition_receipt_105635.pdf,382959d8653f6c43eb42be5d61767383b7b8acf9078d097c7c57d2bff05d3362,學分費90000元；總額105635元；代收日2025-09-02
C-U03,114-1追加學分費收據,使用者原始資料夾：學費明細/11401_9000.pdf,2026-10-08T00:00:00+08:00,03_ai_course_fee/C-U03_114-1_additional_credit_receipt_9000.pdf,69ff432ac8221882d95d8ab7a4eec9a5f2a913e2a683a42db1bb22bdf35178f5,追加學分費9000元；代收日2025-10-26
C-U04,114-2繳費收據,使用者原始資料夾：學費明細/11402_114606.pdf,2026-10-08T00:00:00+08:00,03_ai_course_fee/C-U04_114-2_tuition_receipt_114606.pdf,49dc136e78faba5c1da97876e5b020059297d0550475725d0e6b37c4cfc222b4,依使用者更正歸類；PDF表面顯示115-1及115.09.06，待核對
C-U05,115-1第一筆繳費收據,使用者原始資料夾：學費明細/11501_114635.pdf,2026-10-08T00:00:00+08:00,03_ai_course_fee/C-U05_115-1_tuition_receipt_114635.pdf,93368ee38965785c6d092af4ac2e6b09c907fe250324bb458b38c0a377265f84,依使用者更正歸類；PDF表面顯示114-2及115.02.25，待核對
L-002,北商學生申訴處理辦法,https://stud.ntub.edu.tw/p/406-1007-66965%2Cr930.php?Lang=zh-tw,2026-10-08T00:00:00+08:00,04_laws_and_regulations/L-002_NTUB_student_appeal_rules.pdf,816a7faac55bd9da096d59eca2dec89cf5a6491ab336148f65801839e237aff6,學務處官方PDF；教育部2023-01-19核定版
B-U01,115年6月2日證照補助申請信往來,使用者提供的Gmail列印PDF,2026-10-07T23:15:51+08:00,02_certificate_subsidy/B-U01_20260602_證照補助申請信往來.pdf,0721cdc022c188990754efa011286e2d3b7f7866c4c2ee161958632547571c93,2頁；含8:00寄件、8:54助教收悉及17:20補正寄件
